tagID,DiveNum,DiveStart (s since tag on),DiveStartTime (local),DiveEnd (s since tag on),DiveEndTime (local),Depth (m),Duration (s),NumBuzzDive,BuzzRateMinute,ForagingDuration (s),NumBuzzDescent,NumBuzzBottom,NumBuzzAscent,DayNight,NumSprints,MaxVelocity,TotalDurSprints,SprintsNumBuzzes,SprintsBuzzRatio,EchoExist,MinAltitude,BenthicNumBuzzes,BenthicBuzzRatio,DiveStateHMM,Category
gm08_143a,3,9509.64,5/22/2008 17:05,10427.56,5/22/2008 17:20,447.8503839,917.92,31,2.026320377,494.7481,2,27,2,day,7,3.521747001,82,12,0.387096774,1,1.2109375,26,0.838709677,3,Benthic
gm08_143a,4,10800.32,5/22/2008 17:26,11527.44,5/22/2008 17:38,474.4609925,727.12,16,1.320277258,293.0781373,1,14,1,day,2,3.693377445,26,2,0.125,1,1.6015625,14,0.875,3,Benthic
gm08_143b,4,5773.32,5/22/2008 19:52,6355.56,5/22/2008 20:01,399.4046487,582.24,6,0.618301731,231.0880725,1,3,2,day,0,NaN,NaN,NaN,NaN,1,14.94140625,1,0.166666667,2,Benthic
gm08_143b,6,10194.64,5/22/2008 21:05,10894.24,5/22/2008 21:17,174.3178982,699.6,3,0.25728988,354.8835219,0,1,2,night,0,NaN,NaN,NaN,NaN,0,NaN,NaN,NaN,2,Pelagic
gm08_143b,7,11155.2,5/22/2008 21:21,11873.48,5/22/2008 21:33,298.6026229,718.28,0,0,0,0,0,0,night,0,NaN,NaN,NaN,NaN,0,NaN,NaN,NaN,2,Pelagic
gm08_143b,8,12700.48,5/22/2008 21:47,13305.4,5/22/2008 21:57,319.1388596,604.92,2,0.198373339,22.57872071,0,2,0,night,0,NaN,NaN,NaN,NaN,0,NaN,NaN,NaN,2,Pelagic
gm08_143b,9,13452.2,5/22/2008 22:00,14196.2,5/22/2008 22:12,203.2875456,744,1,0.080645161,5.291141667,1,0,0,night,0,NaN,NaN,NaN,NaN,0,NaN,NaN,NaN,2,Pelagic
gm08_151a,1,1221.76,5/30/2008 9:07,1941.6,5/30/2008 9:19,416.593926,719.84,7,0.583462992,231.2467812,0,5,2,day,0,NaN,NaN,NaN,NaN,0,NaN,NaN,NaN,2,Pelagic
gm08_151a,2,2695.68,5/30/2008 9:31,3217.48,5/30/2008 9:40,158.4638401,521.8,0,0,0,0,0,0,day,0,NaN,NaN,NaN,NaN,0,NaN,NaN,NaN,2,Pelagic
gm08_151b,1,30019.68,5/30/2008 21:34,30446.6,5/30/2008 21:41,235.8927164,426.92,1,0.140541553,8.306585485,0,1,0,night,0,NaN,NaN,NaN,NaN,0,NaN,NaN,NaN,2,Pelagic
gm08_151b,3,32099.88,5/30/2008 22:09,32616.4,5/30/2008 22:17,295.0463362,516.52,1,0.116162007,2.874342087,0,1,0,night,0,NaN,NaN,NaN,NaN,0,NaN,NaN,NaN,2,Pelagic
gm08_151b,6,40793.72,5/31/2008 0:34,41331.72,5/31/2008 0:42,269.3010211,538,0,0,0,0,0,0,night,0,NaN,NaN,NaN,NaN,0,NaN,NaN,NaN,2,Pelagic
gm08_151b,8,42194.64,5/31/2008 0:57,42724.64,5/31/2008 1:06,167.9180455,530,0,0,0,0,0,0,night,0,NaN,NaN,NaN,NaN,0,NaN,NaN,NaN,2,Pelagic
gm08_151b,9,43000.36,5/31/2008 1:10,43432.64,5/31/2008 1:17,148.9437467,432.28,2,0.277597853,144.5504794,0,2,0,night,0,NaN,NaN,NaN,NaN,0,NaN,NaN,NaN,2,Pelagic
gm08_151b,11,44174.64,5/31/2008 1:30,44692.76,5/31/2008 1:38,348.240218,518.12,4,0.463213155,186.5377916,0,3,1,night,0,NaN,NaN,NaN,NaN,0,NaN,NaN,NaN,2,Pelagic
gm08_151b,16,57809.36,5/31/2008 5:17,58657.8,5/31/2008 5:31,442.029705,848.44,4,0.282872095,299.7477042,0,4,0,night,0,NaN,NaN,NaN,NaN,0,NaN,NaN,NaN,2,Pelagic
gm08_151b,17,58911.6,5/31/2008 5:35,59770.48,5/31/2008 5:50,596.3403588,858.88,9,0.628725782,383.9732245,5,3,1,night,0,NaN,NaN,NaN,NaN,1,1.2109375,7,0.777777778,2,Benthic
gm10_185b,2,16867.56,7/04/2010 19:11,17695.24,7/04/2010 19:25,334.4347943,827.68,17,1.232360332,565.7853833,0,1,16,day,4,3.607678897,79,4,0.235294118,0,NaN,NaN,NaN,3,Pelagic
gm10_185b,3,17954.32,7/04/2010 19:30,18581.64,7/04/2010 19:40,414.0707494,627.32,5,0.478224829,298.2148129,0,2,3,day,5,3.409853665,63,3,0.6,1,10.29296875,1,0.2,2,Benthic
gm10_185b,4,18791.92,7/04/2010 19:43,19618.84,7/04/2010 19:57,340.4303392,826.92,22,1.596285009,562.8171427,19,2,1,day,10,3.94256735,217,13,0.590909091,1,5.48828125,3,0.136363636,3,Benthic
gm10_185b,5,20038.88,7/04/2010 20:04,20439.96,7/04/2010 20:11,174.6045591,401.08,3,0.448788272,252.4927427,1,0,2,day,2,3.350086372,24,2,0.666666667,0,NaN,NaN,NaN,2,Pelagic
gm10_187a,1,1967,7/06/2010 9:04,2492.28,7/06/2010 9:13,293.8635836,525.28,12,1.370697533,122.862998,0,12,0,day,1,3.194998012,13,0,0,1,1.26953125,11,0.916666667,2,Benthic
gm10_187b,2,8145.84,7/06/2010 15:09,9080.64,7/06/2010 15:24,697.2253521,934.8,11,0.706033376,389.3054215,2,5,4,day,4,5.092938058,85,3,0.272727273,0,NaN,NaN,NaN,3,Pelagic
gm10_187b,3,9427.92,7/06/2010 15:30,10370.56,7/06/2010 15:46,728.4273149,942.64,15,0.95476534,387.4836531,3,9,3,day,4,4.943706079,124,8,0.533333333,0,NaN,NaN,NaN,3,Pelagic
gm10_187b,4,10946.32,7/06/2010 15:55,11980.6,7/06/2010 16:13,871.700756,1034.28,20,1.160227405,610.1389537,5,12,3,day,7,5.013970045,212,16,0.8,0,NaN,NaN,NaN,3,Pelagic
gm10_187b,5,12789.64,7/06/2010 16:26,13699.92,7/06/2010 16:41,788.2770908,910.28,16,1.054620556,360.2015758,3,12,1,day,9,4.564284344,227,13,0.8125,0,NaN,NaN,NaN,3,Pelagic
gm10_187b,6,14357.08,7/06/2010 16:52,15182.72,7/06/2010 17:06,704.5493612,825.64,6,0.436025386,365.2971201,0,2,4,day,5,4.381493809,102,2,0.333333333,1,86.54296875,0,0,2,Pelagic
gm10_187b,7,15683.72,7/06/2010 17:14,16462.12,7/06/2010 17:27,717.2107205,778.4,7,0.539568345,325.1433092,2,4,1,day,5,4.619823733,112,5,0.714285714,0,NaN,NaN,NaN,2,Pelagic
gm10_187b,8,16863.16,7/06/2010 17:34,17627.16,7/06/2010 17:47,748.5019663,764,12,0.942408377,221.2100957,0,11,1,day,6,5.147644836,198,11,0.916666667,0,NaN,NaN,NaN,3,Pelagic
gm10_187b,9,18255.2,7/06/2010 17:57,19076.84,7/06/2010 18:11,784.2291036,821.64,13,0.94932087,369.8960625,3,9,1,day,5,4.743883147,159,10,0.769230769,0,NaN,NaN,NaN,3,Pelagic
gm10_187b,10,19613.6,7/06/2010 18:20,20388.28,7/06/2010 18:33,678.7053961,774.68,5,0.387256674,367.9429175,2,1,2,day,3,4.780197566,104,3,0.6,0,NaN,NaN,NaN,2,Pelagic
gm10_187b,11,20853.12,7/06/2010 18:40,21740.12,7/06/2010 18:55,705.9177216,887,6,0.405862458,189.8700174,1,5,0,day,2,4.490591075,48,2,0.333333333,0,NaN,NaN,NaN,2,Pelagic
gm10_187b,12,22297.28,7/06/2010 19:05,23311.88,7/06/2010 19:21,826.3323451,1014.6,16,0.946185689,516.1458104,2,8,6,day,4,5.015482721,130,5,0.3125,0,NaN,NaN,NaN,3,Pelagic
gm10_187b,13,24022,7/06/2010 19:33,24949.48,7/06/2010 19:49,721.8745853,927.48,9,0.582222797,501.1608824,4,3,2,day,6,4.414250131,117,2,0.222222222,0,NaN,NaN,NaN,3,Pelagic
gm10_187b,14,25560.12,7/06/2010 19:59,26427.84,7/06/2010 20:13,631.400678,867.72,18,1.244641128,557.2397115,5,8,5,day,8,4.70225427,198,11,0.611111111,0,NaN,NaN,NaN,3,Pelagic
gm10_187b,15,26919.32,7/06/2010 20:22,27713.36,7/06/2010 20:35,648.1379076,794.04,3,0.226688832,203.8850819,1,2,0,night,3,4.627391485,71,2,0.666666667,0,NaN,NaN,NaN,2,Pelagic
gm10_187b,16,28156.28,7/06/2010 20:42,28810.28,7/06/2010 20:53,356.4957851,654,5,0.458715596,251.6123888,0,4,1,night,6,4.691158224,120,3,0.6,0,NaN,NaN,NaN,2,Pelagic
gm10_187b,17,29076.6,7/06/2010 20:58,29636.64,7/06/2010 21:07,282.4742927,560.04,5,0.535676023,294.5610524,0,1,4,night,4,5.093469752,80,2,0.4,0,NaN,NaN,NaN,2,Pelagic
gm10_187b,18,29768.96,7/06/2010 21:09,30298.88,7/06/2010 21:18,232.1139214,529.92,7,0.792572464,349.1331954,2,2,3,night,6,4.655744646,123,3,0.428571429,0,NaN,NaN,NaN,2,Pelagic
gm10_187b,19,30566.24,7/06/2010 21:22,31063.12,7/06/2010 21:31,207.8189067,496.88,3,0.362260506,169.3635119,0,1,2,night,3,3.845848721,74,0,0,0,NaN,NaN,NaN,2,Pelagic
gm10_187b,20,31253.2,7/06/2010 21:34,31884.88,7/06/2010 21:44,171.5601403,631.68,6,0.569908815,379.094107,4,2,0,night,4,3.786302937,41,1,0.166666667,0,NaN,NaN,NaN,2,Pelagic
gm10_187b,21,32045.6,7/06/2010 21:47,32616.96,7/06/2010 21:57,213.3598916,571.36,5,0.525063008,439.2247391,0,4,1,night,5,4.987076911,123,4,0.8,0,NaN,NaN,NaN,2,Pelagic
gm10_187b,22,32875.44,7/06/2010 22:01,33409.6,7/06/2010 22:10,258.0341114,534.16,7,0.786281264,240.3135908,0,4,3,night,4,5.093560613,99,2,0.285714286,0,NaN,NaN,NaN,2,Pelagic
gm10_187b,23,33632.52,7/06/2010 22:13,34206.64,7/06/2010 22:23,299.4452076,574.12,6,0.62704661,253.7287448,0,2,4,night,3,4.997309263,80,5,0.833333333,0,NaN,NaN,NaN,2,Pelagic
gm10_187b,24,34464.2,7/06/2010 22:27,35184.92,7/06/2010 22:39,466.3820139,720.72,8,0.666000666,340.6526915,0,5,3,night,5,4.732693163,182,4,0.5,0,NaN,NaN,NaN,2,Pelagic
gm10_187b,25,35549.56,7/06/2010 22:45,36017.56,7/06/2010 22:53,324.2410795,468,3,0.384615385,21.7215055,0,0,3,night,1,4.521312741,60,3,1,0,NaN,NaN,NaN,2,Pelagic
gm10_187b,26,36216.92,7/06/2010 22:57,36808.84,7/06/2010 23:06,441.967598,591.92,7,0.709555345,300.2749743,2,3,2,night,5,4.80572275,151,5,0.714285714,0,NaN,NaN,NaN,2,Pelagic
gm10_187b,27,37117.64,7/06/2010 23:12,37864.84,7/06/2010 23:24,791.1093179,747.2,6,0.481798715,173.408252,2,3,1,night,7,5.151235423,239,6,1,1,37.91015625,1,0.166666667,2,Benthic
gm10_187b,28,38612.76,7/06/2010 23:36,39403.2,7/06/2010 23:50,561.1704616,790.44,14,1.062699256,445.3950286,0,13,1,night,12,4.754767449,267,10,0.714285714,0,NaN,NaN,NaN,3,Pelagic
gm10_187b,29,39980.08,7/06/2010 23:59,40762.04,7/07/2010 0:12,535.4079955,781.96,7,0.537111873,263.0571768,0,7,0,night,8,4.547954641,176,8,1.142857143,1,2.16796875,3,0.428571429,2,Benthic
gm10_187b,30,41247.36,7/07/2010 0:20,42044.44,7/07/2010 0:34,560.5646658,797.08,3,0.225824259,314.8098848,0,2,1,night,3,4.775263675,67,2,0.666666667,1,161.5039063,0,0,2,Pelagic
gm10_187b,31,42486.92,7/07/2010 0:41,43070.76,7/07/2010 0:51,354.8097493,583.84,6,0.61660729,221.0529791,1,2,3,night,5,4.78699526,107,3,0.5,0,NaN,NaN,NaN,2,Pelagic
gm10_187b,32,43334.76,7/07/2010 0:55,44070,7/07/2010 1:07,476.2694089,735.24,10,0.816060062,364.9973165,2,6,2,night,8,4.198945107,165,10,1,0,NaN,NaN,NaN,2,Pelagic
gm10_187b,33,44311.76,7/07/2010 1:11,44845.36,7/07/2010 1:20,276.1850484,533.6,0,0,0,0,0,0,night,5,4.49514003,102,0,NaN,0,NaN,NaN,NaN,2,Pelagic
gm10_208a,2,502.44,7/27/2010 14:58,1002.32,7/27/2010 15:07,315.2902379,499.88,2,0.240057614,9.256193331,0,2,0,day,0,NaN,NaN,NaN,NaN,1,11.23046875,0,0,2,Benthic
gm10_208a,3,1231.68,7/27/2010 15:10,1851.32,7/27/2010 15:21,299.0071279,619.64,3,0.290491253,239.0150826,0,2,1,day,0,NaN,NaN,NaN,NaN,0,NaN,NaN,NaN,2,Pelagic
gm10_208a,4,2225.92,7/27/2010 15:27,2782.04,7/27/2010 15:36,300.5466211,556.12,1,0.107890383,3.037454912,0,1,0,day,0,NaN,NaN,NaN,NaN,0,NaN,NaN,NaN,2,Pelagic
gm10_208a,5,4024.12,7/27/2010 15:57,4519.92,7/27/2010 16:05,301.2578903,495.8,2,0.242033078,141.9037356,0,1,1,day,0,NaN,NaN,NaN,NaN,0,NaN,NaN,NaN,2,Pelagic
gm10_208a,6,5050.28,7/27/2010 16:14,5536.04,7/27/2010 16:22,274.7166624,485.76,1,0.123517787,3.547470663,0,1,0,day,1,3.504363265,21,1,1,0,NaN,NaN,NaN,2,Pelagic
gm10_208a,7,6059.12,7/27/2010 16:31,6699.64,7/27/2010 16:42,288.5102169,640.52,6,0.56204334,334.972012,1,4,1,day,0,NaN,NaN,NaN,NaN,1,52.01171875,0,0,2,Pelagic
gm10_208a,8,7056.4,7/27/2010 16:47,7543.72,7/27/2010 16:56,263.7808515,487.32,1,0.123122384,1.107997917,0,1,0,day,1,3.06543111,13,1,1,0,NaN,NaN,NaN,2,Pelagic
gm10_208a,9,8794.72,7/27/2010 17:16,9438,7/27/2010 17:27,361.9477476,643.28,4,0.373087924,139.9660085,0,1,3,day,1,3.432210525,12,1,0.25,0,NaN,NaN,NaN,2,Pelagic
gm10_208a,10,10307.84,7/27/2010 17:42,10830.64,7/27/2010 17:50,302.0753909,522.8,7,0.803366488,326.3143778,0,2,5,day,4,4.069786028,95,7,1,0,NaN,NaN,NaN,2,Pelagic
gm10_208a,12,11888.28,7/27/2010 18:08,12340.88,7/27/2010 18:16,323.7518083,452.6,3,0.397702165,83.22738449,0,0,3,day,2,3.912150769,37,2,0.666666667,0,NaN,NaN,NaN,2,Pelagic
gm10_208a,13,12463.08,7/27/2010 18:18,12889.68,7/27/2010 18:25,318.0660274,426.6,8,1.125175809,333.3324909,1,3,4,day,7,5.031518275,158,5,0.625,0,NaN,NaN,NaN,2,Pelagic
gm10_208a,14,13144.24,7/27/2010 18:29,13638.04,7/27/2010 18:37,284.8555004,493.8,9,1.093560146,388.9615048,1,6,2,day,9,3.814561479,154,8,0.888888889,0,NaN,NaN,NaN,2,Pelagic
gm10_208a,15,14131.48,7/27/2010 18:45,14622.36,7/27/2010 18:54,281.791844,490.88,8,0.977835724,204.5317424,0,6,2,day,4,4.308306222,108,8,1,0,NaN,NaN,NaN,2,Pelagic
gm10_208a,16,15016.88,7/27/2010 19:00,15498.64,7/27/2010 19:08,268.2476264,481.76,5,0.622716705,160.9542001,0,1,4,day,3,3.994998435,69,4,0.8,0,NaN,NaN,NaN,2,Pelagic
gm10_208a,17,15885.4,7/27/2010 19:15,16397.76,7/27/2010 19:23,257.8722555,512.36,7,0.819736123,212.3688695,0,5,2,day,6,4.09434176,99,7,1,0,NaN,NaN,NaN,2,Pelagic
gm10_208a,19,16842.76,7/27/2010 19:31,17319.32,7/27/2010 19:39,255.1515148,476.56,7,0.881316099,367.6725303,1,4,2,day,5,3.93959852,88,7,1,0,NaN,NaN,NaN,2,Pelagic
gm10_208a,20,17606.08,7/27/2010 19:43,18276.12,7/27/2010 19:54,253.4077462,670.04,5,0.447734464,360.0822729,0,5,0,day,4,4.226055431,77,3,0.6,0,NaN,NaN,NaN,2,Pelagic
gm10_208a,21,18505.88,7/27/2010 19:58,18937.36,7/27/2010 20:05,195.2505611,431.48,7,0.9733939,232.0854343,0,5,2,day,4,4.006976862,71,6,0.857142857,0,NaN,NaN,NaN,2,Pelagic
gm10_208a,22,19240.64,7/27/2010 20:11,19683.84,7/27/2010 20:18,158.2607749,443.2,7,0.94765343,244.8826209,0,5,2,night,5,4.349556017,80,5,0.714285714,0,NaN,NaN,NaN,2,Pelagic
gm10_208a,23,19876.72,7/27/2010 20:21,20226.48,7/27/2010 20:27,102.6345581,349.76,4,0.686184812,157.8278323,0,2,2,night,4,4.255538211,57,2,0.5,0,NaN,NaN,NaN,2,Pelagic
gm10_208a,24,20392.2,7/27/2010 20:30,20665.04,7/27/2010 20:34,67.87376275,272.84,3,0.659727313,149.080278,0,2,1,night,0,NaN,NaN,NaN,NaN,0,NaN,NaN,NaN,2,Pelagic
gm10_208a,26,21424.52,7/27/2010 20:47,21979.76,7/27/2010 20:56,251.4657676,555.24,3,0.324184137,85.52584516,0,3,0,night,1,4.540619075,20,1,0.333333333,0,NaN,NaN,NaN,2,Pelagic
gm10_208a,27,22693,7/27/2010 21:08,23137.96,7/27/2010 21:15,215.7951291,444.96,15,2.022653722,285.8337448,1,8,6,night,2,4.3833886,43,1,0.066666667,0,NaN,NaN,NaN,2,Pelagic
gm10_208a,28,23370,7/27/2010 21:19,23887.64,7/27/2010 21:28,251.9277506,517.64,2,0.231821343,104.1529675,0,1,1,night,0,NaN,NaN,NaN,NaN,0,NaN,NaN,NaN,2,Pelagic
gm10_209a,1,23.64,7/28/2010 8:55,576.32,7/28/2010 9:04,302.3037763,552.68,1,0.108561916,2.558513208,0,0,1,day,0,NaN,NaN,NaN,NaN,1,63.69140625,0,0,2,Pelagic
gm10_209a,2,1271.92,7/28/2010 9:16,1836.36,7/28/2010 9:25,320.7721807,564.44,3,0.318900149,232.5721143,0,1,2,day,0,NaN,NaN,NaN,NaN,0,NaN,NaN,NaN,2,Pelagic
gm10_209a,3,2314.44,7/28/2010 9:33,3088.2,7/28/2010 9:46,437.4224597,773.76,16,1.240694789,444.1142519,0,7,9,day,4,3.437643225,51,5,0.3125,1,-0.05859375,14,0.875,3,Benthic
gm10_209c,1,1547.16,7/28/2010 13:45,1876,7/28/2010 13:50,189.046223,328.84,3,0.547378664,168.9649934,0,2,1,day,0,NaN,NaN,NaN,NaN,0,NaN,NaN,NaN,2,Pelagic
gm10_209c,2,2085.4,7/28/2010 13:54,2702.68,7/28/2010 14:04,581.9151186,617.28,5,0.48600311,125.2337436,0,4,1,day,2,3.287177119,39,1,0.2,1,5.01953125,1,0.2,2,Benthic
gm10_209c,3,3605.6,7/28/2010 14:19,4240.36,7/28/2010 14:30,553.363432,634.76,6,0.567143487,170.9832885,1,4,1,day,3,3.381199784,41,4,0.666666667,0,NaN,NaN,NaN,2,Pelagic
gm10_266a,1,1368.52,9/23/2010 18:43,2078.24,9/23/2010 18:55,412.1918194,709.72,0,0,0,0,0,0,day,0,NaN,NaN,NaN,NaN,0,NaN,NaN,NaN,2,Pelagic
gm10_266a,2,2228.72,9/23/2010 18:57,2701.44,9/23/2010 19:05,192.4373605,472.72,0,0,0,0,0,0,night,0,NaN,NaN,NaN,NaN,0,NaN,NaN,NaN,2,Pelagic
gm10_266a,3,2820.24,9/23/2010 19:07,3566.12,9/23/2010 19:20,286.4886632,745.88,0,0,0,0,0,0,night,0,NaN,NaN,NaN,NaN,0,NaN,NaN,NaN,2,Pelagic
gm10_266a,4,3805.28,9/23/2010 19:24,4874.72,9/23/2010 19:41,943.1375393,1069.44,29,1.627019749,594.4677677,10,16,3,night,3,3.922672433,69,1,0.034482759,1,24.78515625,2,0.068965517,3,Benthic
gm10_266a,6,5693.68,9/23/2010 19:55,6622.16,9/23/2010 20:11,551.4021143,928.48,7,0.452352232,574.6582258,1,4,2,night,14,5.225089451,281,8,1.142857143,0,NaN,NaN,NaN,2,Pelagic
gm10_266a,7,6892.96,9/23/2010 20:15,7644.28,9/23/2010 20:28,498.7080159,751.32,7,0.559016132,423.084561,1,4,2,night,10,6.898048696,179,5,0.714285714,0,NaN,NaN,NaN,2,Pelagic
gm10_266a,8,7987.64,9/23/2010 20:33,8745.28,9/23/2010 20:46,435.166073,757.64,5,0.395966422,506.1412806,1,1,3,night,8,4.933624266,164,5,1,0,NaN,NaN,NaN,2,Pelagic
gm10_266a,9,9276.56,9/23/2010 20:55,10140.8,9/23/2010 21:09,539.922639,864.24,9,0.624826437,496.4180847,1,3,5,night,9,4.103822185,171,5,0.555555556,0,NaN,NaN,NaN,2,Pelagic
gm10_266a,10,10600.88,9/23/2010 21:17,11621.36,9/23/2010 21:34,678.980271,1020.48,10,0.587958608,545.880875,1,6,3,night,9,5.026516846,198,8,0.8,1,8.41796875,2,0.2,2,Benthic
gm10_266a,11,12069.88,9/23/2010 21:41,12992.92,9/23/2010 21:57,610.5047441,923.04,7,0.455018201,491.9679514,1,4,2,night,9,4.590008356,198,6,0.857142857,0,NaN,NaN,NaN,2,Pelagic
gm10_266a,12,13560.2,9/23/2010 22:06,14704.08,9/23/2010 22:25,959.1190551,1143.88,22,1.153967199,408.9317866,3,17,2,night,4,4.946471493,106,3,0.136363636,1,3.53515625,9,0.409090909,3,Benthic
gm10_266a,13,15393.44,9/23/2010 22:37,16081.96,9/23/2010 22:48,253.5071686,688.52,1,0.087143438,4.321842708,0,0,1,night,3,3.701733067,61,0,0,0,NaN,NaN,NaN,2,Pelagic
gm10_266a,16,29299.96,9/24/2010 2:28,30597.68,9/24/2010 2:50,860.8322871,1297.72,29,1.340813118,448.30788,4,22,3,night,5,3.794631786,66,4,0.137931034,1,3.88671875,7,0.24137931,3,Benthic
gm10_266a,17,31098.64,9/24/2010 2:58,32399.2,9/24/2010 3:20,982.5521692,1300.56,43,1.983760841,647.6551741,11,28,4,night,4,3.199295025,35,5,0.11627907,1,3.41796875,13,0.302325581,3,Benthic
gm10_266a,18,33017.2,9/24/2010 3:30,34367.52,9/24/2010 3:53,990.0342591,1350.32,54,2.399431246,680.3011792,6,41,7,night,7,3.549346794,60,9,0.166666667,1,4.04296875,25,0.462962963,3,Benthic
gm10_266a,19,35136.28,9/24/2010 4:06,36371.36,9/24/2010 4:26,1013.449127,1235.08,39,1.894614114,615.9687066,7,24,8,night,5,5.065326727,111,3,0.076923077,1,1.73828125,12,0.307692308,3,Benthic
gm10_266a,20,41417.2,9/24/2010 5:50,42513.24,9/24/2010 6:09,803.2837771,1096.04,17,0.93062297,404.6107927,3,11,3,night,11,5.386290862,128,3,0.176470588,1,1.50390625,8,0.470588235,3,Benthic
gm10_266a,21,43275.8,9/24/2010 6:21,44412.16,9/24/2010 6:40,840.6599104,1136.36,31,1.636805238,600.8272822,7,20,4,night,3,4.70607494,71,4,0.129032258,1,1.93359375,13,0.419354839,3,Benthic
gm10_266a,22,44880.6,9/24/2010 6:48,45865.64,9/24/2010 7:05,796.8727142,985.04,32,1.949159425,478.9481608,4,25,3,night,6,4.941502064,113,4,0.125,1,6.58203125,9,0.28125,3,Benthic
gm10_266a,23,46403.44,9/24/2010 7:14,47407.32,9/24/2010 7:30,708.5104129,1003.88,13,0.776985297,424.394278,0,8,5,day,7,4.660186501,129,3,0.230769231,1,6.03515625,4,0.307692308,3,Benthic
gm10_266a,24,48046.36,9/24/2010 7:41,49235.12,9/24/2010 8:01,883.2509999,1188.76,35,1.766546654,539.1493943,5,27,3,day,6,4.11877313,101,4,0.114285714,1,2.59765625,12,0.342857143,3,Benthic
gm10_266a,25,49999.92,9/24/2010 8:13,51257.56,9/24/2010 8:34,1076.774992,1257.64,46,2.194586686,679.4589547,11,29,6,day,7,3.967503694,119,9,0.195652174,1,0.64453125,18,0.391304348,3,Benthic
gm10_266a,26,52191.16,9/24/2010 8:50,53388.48,9/24/2010 9:10,1010.951183,1197.32,42,2.104700498,716.4544677,10,24,8,day,8,4.044270383,111,8,0.19047619,1,2.40234375,17,0.404761905,3,Benthic
gm10_266a,27,53995.4,9/24/2010 9:20,55013.4,9/24/2010 9:37,897.6689323,1018,23,1.355599214,414.4891219,7,12,4,day,1,3.946503652,22,0,0,1,21.77734375,2,0.086956522,3,Benthic
gm10_266a,28,55483.24,9/24/2010 9:45,56463.92,9/24/2010 10:01,809.3551679,980.68,11,0.673002406,326.3936396,2,8,1,day,5,4.078703459,98,5,0.454545455,0,NaN,NaN,NaN,3,Pelagic
gm10_266a,29,56850.28,9/24/2010 10:08,57956.32,9/24/2010 10:26,1042.126715,1106.04,23,1.247694478,506.5269403,8,10,5,day,6,5.239308127,87,5,0.217391304,1,2.87109375,5,0.217391304,3,Benthic
gm10_266a,30,58378.72,9/24/2010 10:33,59143.36,9/24/2010 10:46,494.3297314,764.64,4,0.313873195,279.057499,0,2,2,day,0,NaN,NaN,NaN,NaN,0,NaN,NaN,NaN,2,Pelagic
gm10_266a,31,59447.2,9/24/2010 10:51,60408.8,9/24/2010 11:07,748.9392249,961.6,15,0.9359401,464.5445,3,8,4,day,2,3.740607201,60,1,0.066666667,0,NaN,NaN,NaN,3,Pelagic
gm10_266a,32,60725.68,9/24/2010 11:12,61601.44,9/24/2010 11:27,602.0871612,875.76,8,0.548095369,416.3317625,2,5,1,day,5,5.196693945,121,4,0.5,0,NaN,NaN,NaN,2,Pelagic
gm10_267a,3,3316.2,9/24/2010 15:34,4025.28,9/24/2010 15:46,426.1746754,709.08,4,0.338466746,414.5584136,2,1,1,day,2,3.062558776,15,0,0,0,NaN,NaN,NaN,2,Pelagic
gm10_267a,4,4233,9/24/2010 15:49,5047.6,9/24/2010 16:03,330.897096,814.6,3,0.220967346,252.6170757,0,3,0,day,0,NaN,NaN,NaN,NaN,0,NaN,NaN,NaN,2,Pelagic
gm10_267a,5,5220.44,9/24/2010 16:05,5987.16,9/24/2010 16:18,346.9876487,766.72,4,0.313021703,442.8533303,0,3,1,day,0,NaN,NaN,NaN,NaN,0,NaN,NaN,NaN,2,Pelagic
gm10_267a,6,6114.36,9/24/2010 16:20,6904.32,9/24/2010 16:34,285.1417619,789.96,8,0.607625703,580.636459,0,5,3,day,0,NaN,NaN,NaN,NaN,0,NaN,NaN,NaN,2,Pelagic
gm10_267a,7,7115.64,9/24/2010 16:37,8240.68,9/24/2010 16:56,833.6769343,1125.04,25,1.333285928,691.2258316,7,11,7,day,0,NaN,NaN,NaN,NaN,0,NaN,NaN,NaN,3,Pelagic
gm10_267a,8,8513.36,9/24/2010 17:00,9282.12,9/24/2010 17:13,245.2869436,768.76,9,0.702429887,400.1066716,0,9,0,day,0,NaN,NaN,NaN,NaN,0,NaN,NaN,NaN,2,Pelagic
gm10_267a,9,9597.4,9/24/2010 17:18,10582.36,9/24/2010 17:35,819.1484818,984.96,28,1.705653021,589.167605,12,11,5,day,0,NaN,NaN,NaN,NaN,0,NaN,NaN,NaN,3,Pelagic
gm10_267a,10,10988.28,9/24/2010 17:42,11934.88,9/24/2010 17:57,732.0326734,946.6,21,1.331079653,570.8605208,6,9,6,day,0,NaN,NaN,NaN,NaN,0,NaN,NaN,NaN,3,Pelagic
gm10_267a,11,12247.4,9/24/2010 18:03,13297.96,9/24/2010 18:20,811.2867345,1050.56,38,2.170271094,675.045717,8,23,7,day,0,NaN,NaN,NaN,NaN,0,NaN,NaN,NaN,3,Pelagic
gm10_267a,12,13718.56,9/24/2010 18:27,14786.28,9/24/2010 18:45,751.5735637,1067.72,33,1.854418761,770.0715875,5,23,5,day,0,NaN,NaN,NaN,NaN,0,NaN,NaN,NaN,3,Pelagic
gm10_267a,13,15299.6,9/24/2010 18:53,16395.88,9/24/2010 19:12,857.4144581,1096.28,32,1.751377385,683.731573,9,14,9,day,0,NaN,NaN,NaN,NaN,0,NaN,NaN,NaN,3,Pelagic
gm10_267a,14,16820.68,9/24/2010 19:19,17833.92,9/24/2010 19:36,870.4758656,1013.24,44,2.605503138,709.4572452,10,23,11,night,0,NaN,NaN,NaN,NaN,0,NaN,NaN,NaN,3,Pelagic
gm10_267a,15,18193.4,9/24/2010 19:42,18634.52,9/24/2010 19:49,74.38078936,441.12,1,0.13601741,5.500688385,0,1,0,night,0,NaN,NaN,NaN,NaN,0,NaN,NaN,NaN,2,Pelagic
gm10_267a,16,18788.32,9/24/2010 19:52,19245.24,9/24/2010 19:59,59.6175486,456.92,2,0.262628031,155.793685,0,2,0,night,0,NaN,NaN,NaN,NaN,0,NaN,NaN,NaN,2,Pelagic
gm10_267a,18,20044.64,9/24/2010 20:13,20490,9/24/2010 20:20,94.0787637,445.36,3,0.404167415,204.9088922,0,3,0,night,0,NaN,NaN,NaN,NaN,0,NaN,NaN,NaN,2,Pelagic
gm10_267a,23,23248.44,9/24/2010 21:06,23841.68,9/24/2010 21:16,101.9096288,593.24,1,0.101139505,2.240389413,0,1,0,night,0,NaN,NaN,NaN,NaN,0,NaN,NaN,NaN,2,Pelagic
gm10_267a,24,23969.8,9/24/2010 21:18,24617.48,9/24/2010 21:29,75.0442587,647.68,1,0.09263834,2.044371808,0,1,0,night,0,NaN,NaN,NaN,NaN,0,NaN,NaN,NaN,2,Pelagic
gm10_267a,25,24793.84,9/24/2010 21:32,25523.72,9/24/2010 21:44,80.35734122,729.88,3,0.246615882,65.14028751,0,3,0,night,0,NaN,NaN,NaN,NaN,0,NaN,NaN,NaN,2,Pelagic
gm10_267a,26,25606.48,9/24/2010 21:45,26033,9/24/2010 21:52,67.62189622,426.52,1,0.140673356,5.115145705,0,1,0,night,0,NaN,NaN,NaN,NaN,0,NaN,NaN,NaN,2,Pelagic
gm10_267a,27,26106.84,9/24/2010 21:54,26511.88,9/24/2010 22:00,73.45728334,405.04,2,0.296267035,143.9223691,0,2,0,night,0,NaN,NaN,NaN,NaN,0,NaN,NaN,NaN,2,Pelagic
gm10_267a,28,26585.8,9/24/2010 22:02,27079.8,9/24/2010 22:10,134.4753909,494,5,0.607287449,346.9094819,1,1,3,night,1,3.038868874,8,1,0.2,0,NaN,NaN,NaN,2,Pelagic
gm10_267a,29,27324.04,9/24/2010 22:14,28017.32,9/24/2010 22:25,66.9936599,693.28,5,0.432725594,399.9525708,0,3,2,night,0,NaN,NaN,NaN,NaN,0,NaN,NaN,NaN,2,Pelagic
gm10_267a,30,28146.88,9/24/2010 22:28,28866.36,9/24/2010 22:40,57.299093,719.48,2,0.166787124,463.2317307,0,2,0,night,0,NaN,NaN,NaN,NaN,0,NaN,NaN,NaN,2,Pelagic
gm10_267a,32,29553,9/24/2010 22:51,30660.6,9/24/2010 23:09,897.6691755,1107.6,21,1.1375948,597.1799198,5,11,5,night,0,NaN,NaN,NaN,NaN,0,NaN,NaN,NaN,3,Pelagic
gm10_267a,33,31087.92,9/24/2010 23:17,32016.2,9/24/2010 23:32,173.6921773,928.28,4,0.258542681,337.7118536,0,4,0,night,2,3.018939171,14,0,0,0,NaN,NaN,NaN,2,Pelagic
gm10_267a,34,32197.08,9/24/2010 23:35,32933,9/24/2010 23:47,158.1330437,735.92,1,0.081530601,3.081511696,0,1,0,night,1,3.278955707,14,0,0,0,NaN,NaN,NaN,2,Pelagic
gm10_267a,35,33038.08,9/24/2010 23:49,33658.4,9/24/2010 23:59,129.7498837,620.32,0,0,0,0,0,0,night,0,NaN,NaN,NaN,NaN,0,NaN,NaN,NaN,2,Pelagic
gm10_267a,36,33802.08,9/25/2010 0:02,34595,9/25/2010 0:15,136.2394676,792.92,2,0.151339353,5.250514986,0,0,2,night,0,NaN,NaN,NaN,NaN,0,NaN,NaN,NaN,2,Pelagic
gm10_267a,37,34762.4,9/25/2010 0:18,35489.04,9/25/2010 0:30,170.7720584,726.64,1,0.082571837,1.983150782,0,1,0,night,0,NaN,NaN,NaN,NaN,0,NaN,NaN,NaN,2,Pelagic
gm10_267a,38,35689.84,9/25/2010 0:33,36479.12,9/25/2010 0:46,139.3834681,789.28,0,0,0,0,0,0,night,0,NaN,NaN,NaN,NaN,0,NaN,NaN,NaN,2,Pelagic
gm10_267a,39,36659,9/25/2010 0:49,37410.48,9/25/2010 1:02,138.5901302,751.48,0,0,0,0,0,0,night,0,NaN,NaN,NaN,NaN,0,NaN,NaN,NaN,2,Pelagic
gm10_267a,40,37605.6,9/25/2010 1:05,38501.12,9/25/2010 1:20,184.3555073,895.52,2,0.134000357,342.3070562,0,2,0,night,0,NaN,NaN,NaN,NaN,0,NaN,NaN,NaN,2,Pelagic
gm10_267a,41,38732.32,9/25/2010 1:24,39590.64,9/25/2010 1:38,152.9609307,858.32,2,0.139807997,330.599226,0,1,1,night,0,NaN,NaN,NaN,NaN,0,NaN,NaN,NaN,2,Pelagic
gm10_267a,42,39865.6,9/25/2010 1:43,40580.48,9/25/2010 1:55,134.9575545,714.88,1,0.08393017,3.846836401,0,1,0,night,0,NaN,NaN,NaN,NaN,0,NaN,NaN,NaN,2,Pelagic
gm10_267a,43,40763.4,9/25/2010 1:58,41782.52,9/25/2010 2:15,111.1396886,1019.12,6,0.353245938,434.9808262,0,0,6,night,0,NaN,NaN,NaN,NaN,0,NaN,NaN,NaN,2,Pelagic
gm10_267a,44,41917.28,9/25/2010 2:17,42576.52,9/25/2010 2:28,92.93728852,659.24,1,0.091013895,4.893970313,0,1,0,night,0,NaN,NaN,NaN,NaN,0,NaN,NaN,NaN,2,Pelagic
gm10_267a,45,42742.6,9/25/2010 2:31,43618.08,9/25/2010 2:45,82.28320649,875.48,5,0.342669164,552.4634721,0,5,0,night,0,NaN,NaN,NaN,NaN,0,NaN,NaN,NaN,2,Pelagic
gm10_267a,46,43858.92,9/25/2010 2:49,44850,9/25/2010 3:06,776.7629582,991.08,21,1.271340356,475.9676771,4,11,6,night,0,NaN,NaN,NaN,NaN,0,NaN,NaN,NaN,3,Pelagic
gm10_267a,47,45103.76,9/25/2010 3:10,45801.12,9/25/2010 3:22,113.1556357,697.36,2,0.17207755,105.2290304,0,2,0,night,0,NaN,NaN,NaN,NaN,0,NaN,NaN,NaN,2,Pelagic
gm10_267a,48,45950.16,9/25/2010 3:24,46557.48,9/25/2010 3:34,86.67496397,607.32,0,0,0,0,0,0,night,0,NaN,NaN,NaN,NaN,0,NaN,NaN,NaN,2,Pelagic
gm10_267a,49,46685.28,9/25/2010 3:37,47299.2,9/25/2010 3:47,87.08801089,613.92,1,0.097732604,4.16435867,0,1,0,night,0,NaN,NaN,NaN,NaN,0,NaN,NaN,NaN,2,Pelagic
gm10_267a,50,47422.4,9/25/2010 3:49,48201.4,9/25/2010 4:02,87.66352508,779,2,0.154043646,475.0426341,0,2,0,night,0,NaN,NaN,NaN,NaN,0,NaN,NaN,NaN,2,Pelagic
gm10_267a,51,48309.24,9/25/2010 4:04,49120.8,9/25/2010 4:17,98.36730922,811.56,2,0.147863374,597.0907902,0,2,0,night,0,NaN,NaN,NaN,NaN,0,NaN,NaN,NaN,2,Pelagic
gm10_267a,52,49284.12,9/25/2010 4:20,50143.92,9/25/2010 4:34,117.2408715,859.8,3,0.209351012,423.5204227,1,2,0,night,0,NaN,NaN,NaN,NaN,0,NaN,NaN,NaN,2,Pelagic
gm10_267a,53,50327.92,9/25/2010 4:37,51048.12,9/25/2010 4:49,98.33555084,720.2,1,0.083310192,3.713474488,0,1,0,night,0,NaN,NaN,NaN,NaN,0,NaN,NaN,NaN,2,Pelagic
gm10_267a,54,51225.44,9/25/2010 4:52,51849.08,9/25/2010 5:03,109.9109936,623.64,2,0.192418703,216.4999388,0,1,1,night,0,NaN,NaN,NaN,NaN,0,NaN,NaN,NaN,2,Pelagic
gm10_267a,55,51979.64,9/25/2010 5:05,52802.12,9/25/2010 5:19,108.0449582,822.48,3,0.218850306,432.5153825,2,1,0,night,0,NaN,NaN,NaN,NaN,0,NaN,NaN,NaN,2,Pelagic
gm10_267a,56,52961,9/25/2010 5:21,53790.8,9/25/2010 5:35,95.20388651,829.8,3,0.21691974,649.1932281,0,3,0,night,0,NaN,NaN,NaN,NaN,0,NaN,NaN,NaN,2,Pelagic
gm10_267a,57,53925.72,9/25/2010 5:37,54627.76,9/25/2010 5:49,101.6728419,702.04,3,0.256395647,295.784099,0,2,1,night,1,3.066392531,9,1,0.333333333,0,NaN,NaN,NaN,2,Pelagic
gm10_267a,58,54784.68,9/25/2010 5:52,55276.4,9/25/2010 6:00,91.5683818,491.72,1,0.122020662,1.840895116,0,1,0,night,0,NaN,NaN,NaN,NaN,0,NaN,NaN,NaN,2,Pelagic
gm10_267a,59,55414.28,9/25/2010 6:02,56094.24,9/25/2010 6:13,97.40256655,679.96,3,0.264721454,12.99775216,0,3,0,night,0,NaN,NaN,NaN,NaN,0,NaN,NaN,NaN,2,Pelagic
gm10_267a,60,56295.56,9/25/2010 6:17,57370.4,9/25/2010 6:35,848.0774309,1074.84,22,1.228089762,647.3355667,7,11,4,night,1,3.705751472,19,0,0,0,NaN,NaN,NaN,3,Pelagic
gm10_267a,61,57743.56,9/25/2010 6:41,58815.2,9/25/2010 6:59,841.178297,1071.64,28,1.567690642,574.6607853,11,15,2,night,0,NaN,NaN,NaN,NaN,0,NaN,NaN,NaN,3,Pelagic
gm10_267a,62,59171.2,9/25/2010 7:05,60249.56,9/25/2010 7:23,826.2765028,1078.36,25,1.39100115,581.2607728,6,15,4,day,0,NaN,NaN,NaN,NaN,0,NaN,NaN,NaN,3,Pelagic
gm10_267a,63,60673.04,9/25/2010 7:30,61767.08,9/25/2010 7:48,857.4581087,1094.04,28,1.535592849,609.9750785,8,10,10,day,0,NaN,NaN,NaN,NaN,0,NaN,NaN,NaN,3,Pelagic
gm11_147a,6,4211.8,5/27/2011 10:13,4796.92,5/27/2011 10:23,329.7726887,585.12,7,0.717801477,191.7637937,0,4,3,day,0,NaN,NaN,NaN,NaN,0,NaN,NaN,NaN,2,Pelagic
gm11_147a,7,5235.8,5/27/2011 10:30,5942.76,5/27/2011 10:42,404.3699125,706.96,6,0.509222587,259.3261531,2,2,2,day,0,NaN,NaN,NaN,NaN,1,6.26953125,2,0.333333333,2,Benthic
gm11_147a,8,6279.6,5/27/2011 10:47,6873.96,5/27/2011 10:57,188.0412374,594.36,0,0,0,0,0,0,day,0,NaN,NaN,NaN,NaN,0,NaN,NaN,NaN,2,Pelagic
gm11_147a,17,14588.48,5/27/2011 13:06,15228.24,5/27/2011 13:17,174.4745259,639.76,19,1.781918219,303.8351265,0,19,0,day,0,NaN,NaN,NaN,NaN,0,NaN,NaN,NaN,3,Pelagic
gm11_148a,1,53.92,5/28/2011 10:30,609.88,5/28/2011 10:39,472.6937447,555.96,8,0.863371466,165.7159394,0,6,2,day,3,3.386209932,37,4,0.5,1,10.60546875,2,0.25,2,Benthic
gm11_148a,2,1182.44,5/28/2011 10:49,1877,5/28/2011 11:00,464.446994,694.56,7,0.604699378,264.2737746,1,6,0,day,1,3.529989579,32,0,0,1,0.91796875,2,0.285714286,2,Benthic
gm11_148a,3,2137.68,5/28/2011 11:05,2823.04,5/28/2011 11:16,562.7416591,685.36,20,1.750904634,457.241546,7,10,3,day,8,3.928882635,113,11,0.55,1,1.46484375,1,0.05,3,Benthic
gm11_148a,4,3286.36,5/28/2011 11:24,4040.12,5/28/2011 11:36,451.8725,753.76,28,2.228826152,440.6967656,0,25,3,day,2,3.306928467,23,4,0.142857143,1,-0.17578125,20,0.714285714,3,Benthic
gm11_148a,5,4327.48,5/28/2011 11:41,4791.72,5/28/2011 11:49,276.8355187,464.24,16,2.067895916,414.26785,2,0,14,day,2,3.265810236,20,1,0.0625,1,0.25390625,9,0.5625,3,Benthic
gm11_148a,6,5099.64,5/28/2011 11:54,5501.6,5/28/2011 12:01,117.6553868,401.96,2,0.298537168,29.32029856,0,2,0,day,1,3.133574997,10,0,0,0,NaN,NaN,NaN,2,Pelagic
gm11_148a,7,6035.84,5/28/2011 12:10,6584.2,5/28/2011 12:19,492.8445212,548.36,12,1.313006054,219.0970513,0,10,2,day,8,3.987522684,110,6,0.5,1,-0.05859375,10,0.833333333,2,Benthic
gm11_149b,1,1059.24,5/29/2011 10:50,1750,5/29/2011 11:02,415.6483591,690.76,10,0.868608489,251.5612685,0,9,1,day,0,NaN,NaN,NaN,NaN,1,2.51953125,9,0.9,2,Benthic
gm11_149b,2,2023.24,5/29/2011 11:06,2742.72,5/29/2011 11:18,430.8589755,719.48,10,0.83393562,281.785273,0,10,0,day,3,3.558178822,38,4,0.4,1,7.63671875,10,1,2,Benthic
gm11_149b,3,2987.08,5/29/2011 11:22,3799.2,5/29/2011 11:36,417.0281878,812.12,15,1.108210609,434.6731256,0,14,1,day,2,3.136304216,20,1,0.066666667,1,2.55859375,14,0.933333333,3,Benthic
gm11_149b,4,4056.04,5/29/2011 11:40,4718.68,5/29/2011 11:51,406.6383256,662.64,15,1.358203549,301.2872602,0,14,1,day,0,NaN,NaN,NaN,NaN,1,4.90234375,1,0.066666667,3,Benthic
gm11_149b,6,14431.4,5/29/2011 14:33,15260.48,5/29/2011 14:47,500.9233018,829.08,14,1.013171226,419.7963854,3,10,1,day,6,3.254335636,57,6,0.428571429,1,1.34765625,9,0.642857143,3,Benthic
gm11_149c,1,1260,5/29/2011 11:20,1988.8,5/29/2011 11:32,457.302721,728.8,16,1.317233809,206.7712521,0,16,0,day,0,NaN,NaN,NaN,NaN,1,5.44921875,0,0,3,Benthic
gm11_149c,8,7972.28,5/29/2011 13:11,8930.08,5/29/2011 13:27,494.812653,957.8,38,2.38045521,526.1679375,1,36,1,day,3,3.929639463,53,4,0.105263158,1,-0.05859375,37,0.973684211,3,Benthic
gm11_149c,9,9222,5/29/2011 13:32,10092.96,5/29/2011 13:47,545.0640939,870.96,52,3.582254064,481.9890906,1,50,1,day,0,NaN,NaN,NaN,NaN,1,-0.05859375,50,0.961538462,3,Benthic
gm11_150a,2,1031.88,5/30/2011 11:11,1911.76,5/30/2011 11:26,202.3838729,879.88,0,0,0,0,0,0,day,0,NaN,NaN,NaN,NaN,0,NaN,NaN,NaN,2,Pelagic
gm11_150a,4,4803.76,5/30/2011 12:14,5946.28,5/30/2011 12:33,485.0626944,1142.52,2,0.105030984,348.1630708,0,2,0,day,1,3.27135948,14,1,0.5,0,NaN,NaN,NaN,2,Pelagic
gm11_150a,5,6141.84,5/30/2011 12:36,6977.96,5/30/2011 12:50,521.8169099,836.12,1,0.071760034,3.048364583,0,1,0,day,1,5.262330676,16,1,1,0,NaN,NaN,NaN,2,Pelagic
gm11_150b,2,995.32,5/30/2011 11:28,1873.92,5/30/2011 11:42,455.5890964,878.6,5,0.34145231,86.25831904,0,5,0,day,0,NaN,NaN,NaN,NaN,0,NaN,NaN,NaN,2,Pelagic
gm11_150b,3,2211.72,5/30/2011 11:48,3303.92,5/30/2011 12:06,744.5981863,1092.2,7,0.384544955,483.8280742,1,5,1,day,3,3.825563276,56,1,0.142857143,0,NaN,NaN,NaN,2,Pelagic
gm11_150b,4,3628.28,5/30/2011 12:12,4430.36,5/30/2011 12:25,464.9861316,802.08,2,0.149611011,508.4811583,1,1,0,day,0,NaN,NaN,NaN,NaN,0,NaN,NaN,NaN,2,Pelagic
gm11_150b,5,4589.28,5/30/2011 12:28,5502.32,5/30/2011 12:43,804.2485988,913.04,12,0.788574433,436.3640095,2,8,2,day,6,3.267918941,81,5,0.416666667,0,NaN,NaN,NaN,3,Pelagic
gm11_150b,7,6346.04,5/30/2011 12:57,7244.12,5/30/2011 13:12,794.559308,898.08,10,0.668091929,380.0965427,1,6,3,day,2,3.765858801,50,2,0.2,0,NaN,NaN,NaN,2,Pelagic
gm11_155a,2,7645.8,6/04/2011 12:18,8624.64,6/04/2011 12:34,430.5208389,978.84,10,0.612970455,398.7540432,0,10,0,day,1,3.193247724,11,1,0.1,1,4.74609375,8,0.8,2,Benthic
gm11_155a,3,12385.96,6/04/2011 13:37,13332.32,6/04/2011 13:53,314.842865,946.36,4,0.25360328,526.2821429,3,0,1,day,0,NaN,NaN,NaN,NaN,1,60.91796875,0,0,2,Pelagic
gm11_155a,4,13648.88,6/04/2011 13:58,14767.92,6/04/2011 14:17,465.4803203,1119.04,11,0.58979125,378.1916596,2,8,1,day,3,3.361528965,41,3,0.272727273,1,2.71484375,9,0.818181818,3,Benthic
gm11_156a,1,6838.56,6/05/2011 14:05,7762.2,6/05/2011 14:21,389.2140276,923.64,8,0.519682993,278.7761667,2,6,0,day,4,3.703495796,60,3,0.375,1,19.6484375,2,0.25,2,Benthic
gm11_156a,2,8451.4,6/05/2011 14:32,9399.92,6/05/2011 14:48,414.1072323,948.52,4,0.253025766,467.5621376,1,1,2,day,0,NaN,NaN,NaN,NaN,1,11.7578125,0,0,2,Benthic
gm11_156a,3,13995.84,6/05/2011 16:05,14640.4,6/05/2011 16:15,312.0305519,644.56,4,0.372347027,176.3818146,0,4,0,day,3,3.831157942,53,2,0.5,1,2.9296875,3,0.75,2,Benthic
gm11_158b,4,8789.84,6/07/2011 14:17,9715.8,6/07/2011 14:33,732.0934807,925.96,7,0.453583308,427.9050198,1,3,3,day,2,4.203074106,34,0,0,0,NaN,NaN,NaN,2,Pelagic
gm11_158b,5,10110.96,6/07/2011 14:39,11092.24,6/07/2011 14:56,720.7190596,981.28,23,1.406326431,550.4749055,3,18,2,day,1,3.968612577,17,0,0,1,17.36328125,0,0,3,Benthic
gm11_158b,6,11704.2,6/07/2011 15:06,12562.12,6/07/2011 15:20,706.740444,857.92,10,0.699365908,360.1493976,2,7,1,day,2,4.816604213,44,1,0.1,0,NaN,NaN,NaN,3,Pelagic
gm11_158b,7,13045.56,6/07/2011 15:28,13926.8,6/07/2011 15:43,720.481144,881.24,15,1.021288185,312.4054012,2,13,0,day,2,3.657889536,37,1,0.066666667,1,13.76953125,1,0.066666667,3,Benthic
gm11_158b,8,14283.28,6/07/2011 15:49,15110.64,6/07/2011 16:03,473.0797877,827.36,8,0.580158577,232.0938587,0,8,0,day,0,NaN,NaN,NaN,NaN,0,NaN,NaN,NaN,2,Pelagic
gm11_165a,2,4369.92,6/14/2011 11:44,4953.24,6/14/2011 11:54,197.0017294,583.32,0,0,0,0,0,0,day,0,NaN,NaN,NaN,NaN,0,NaN,NaN,NaN,2,Pelagic
gm11_165a,3,6327.88,6/14/2011 12:17,7049,6/14/2011 12:29,454.2565608,721.12,13,1.081650765,413.3398905,6,5,2,day,3,4.114202821,69,8,0.615384615,1,70.80078125,0,0,2,Pelagic
gm11_165a,4,7265.92,6/14/2011 12:33,7962.64,6/14/2011 12:44,411.2968997,696.72,10,0.861178092,417.1769031,0,7,3,day,0,NaN,NaN,NaN,NaN,1,3.65234375,6,0.6,2,Benthic
gm11_165a,5,8230.04,6/14/2011 12:49,8889.88,6/14/2011 13:00,480.8197709,659.84,10,0.909311348,204.3431378,0,7,3,day,6,3.965624758,113,8,0.8,1,13.06640625,4,0.4,2,Benthic
gm11_165a,6,9088.08,6/14/2011 13:03,9934.36,6/14/2011 13:17,481.4420434,846.28,8,0.567188165,361.2971198,0,7,1,day,8,4.102362813,101,7,0.875,1,6.89453125,6,0.75,2,Benthic
gm11_165a,7,10292.92,6/14/2011 13:23,11182.4,6/14/2011 13:38,489.4521756,889.48,16,1.079282277,444.702151,3,12,1,day,7,3.737456369,136,10,0.625,1,4.86328125,14,0.875,3,Benthic
gm11_165a,8,11511.64,6/14/2011 13:43,12252.8,6/14/2011 13:56,529.1447382,741.16,20,1.619083599,294.1746824,3,17,0,day,13,4.603136968,214,17,0.85,1,9.78515625,7,0.35,3,Benthic
gm11_165a,9,12683.44,6/14/2011 14:03,13406.16,6/14/2011 14:15,396.7691812,722.72,11,0.913216737,308.7881171,0,4,7,day,2,3.32035915,24,2,0.181818182,1,11.03515625,4,0.363636364,2,Benthic
gm11_165a,10,14582.72,6/14/2011 14:35,15141.68,6/14/2011 14:44,449.1061412,558.96,3,0.322026621,229.1678728,0,2,1,day,4,4.336448152,115,3,1,1,4.98046875,2,0.666666667,2,Benthic
gm12_125a,1,278.2,5/04/2012 6:49,1301.36,5/04/2012 7:06,678.8550218,1023.16,9,0.527776692,325.5498465,1,6,2,day,1,3.096860066,17,1,0.111111111,0,NaN,NaN,NaN,2,Pelagic
gm12_125a,3,2840.76,5/04/2012 7:32,3930.92,5/04/2012 7:50,821.2018205,1090.16,17,0.935642474,381.4880652,2,13,2,day,4,3.50416183,51,2,0.117647059,1,12.79296875,0,0,3,Benthic
gm12_125a,4,4489.76,5/04/2012 7:59,5559.64,5/04/2012 8:17,774.4207919,1069.88,8,0.448648447,221.767301,1,7,0,day,0,NaN,NaN,NaN,NaN,1,13.57421875,0,0,2,Benthic
gm12_125a,5,6427.52,5/04/2012 8:32,7379.76,5/04/2012 8:47,701.1997419,952.24,7,0.441065278,371.3294195,1,3,3,day,1,3.103411564,9,0,0,0,NaN,NaN,NaN,2,Pelagic
gm12_125b,3,3045.24,5/04/2012 13:12,3918.24,5/04/2012 13:27,552.4432908,873,8,0.549828179,444.8186331,0,5,3,day,3,3.80532165,61,4,0.5,1,117.9101563,0,0,2,Pelagic
gm12_125b,4,4230.04,5/04/2012 13:32,4952.28,5/04/2012 13:44,548.4361774,722.24,15,1.246123172,358.9886844,0,12,3,day,0,NaN,NaN,NaN,NaN,1,1.85546875,8,0.533333333,3,Benthic
gm12_125b,5,5342.96,5/04/2012 13:50,5962.4,5/04/2012 14:01,594.398566,619.44,11,1.065478497,306.2529512,0,9,2,day,7,4.504979053,223,8,0.727272727,0,NaN,NaN,NaN,3,Pelagic
gm12_125b,6,6332.8,5/04/2012 14:07,6961.48,5/04/2012 14:17,564.0244212,628.68,16,1.527008971,292.8123485,0,15,1,day,6,4.309390559,170,13,0.8125,1,7.67578125,3,0.1875,3,Benthic
gm12_125b,7,7385.92,5/04/2012 14:24,8458.96,5/04/2012 14:42,552.6152591,1073.04,21,1.174233952,602.5858958,0,18,3,day,0,NaN,NaN,NaN,NaN,1,4.62890625,0,0,3,Benthic
gm12_161a,1,2296.2,6/09/2012 9:46,3207,6/09/2012 10:01,392.9383972,910.8,20,1.317523057,488.1091807,0,20,0,day,14,3.859058158,170,12,0.6,1,3.41796875,19,0.95,3,Benthic
gm12_161a,2,3591.2,6/09/2012 10:07,4360.24,6/09/2012 10:20,383.4244191,769.04,23,1.794445022,448.9930874,1,21,1,day,12,3.904400879,173,18,0.782608696,1,2.48046875,22,0.956521739,3,Benthic
gm12_161a,3,4747.2,6/09/2012 10:26,5603.72,6/09/2012 10:41,355.0244627,856.52,25,1.751272591,563.3646458,0,25,0,day,8,3.84823698,139,15,0.6,1,4.04296875,17,0.68,3,Benthic
gm12_161a,4,5999.28,6/09/2012 10:47,6717.36,6/09/2012 10:59,348.4024095,718.08,19,1.587566845,408.8318776,0,18,1,day,5,3.686358961,74,10,0.526315789,1,3.53515625,18,0.947368421,3,Benthic
gm12_161a,5,7043.44,6/09/2012 11:05,7869.28,6/09/2012 11:18,347.6626814,825.84,42,3.051438535,454.8377013,0,42,0,day,5,3.693864373,78,11,0.261904762,1,2.32421875,21,0.5,3,Benthic
gm12_162a,3,4019.04,6/10/2012 9:49,4574.56,6/10/2012 9:58,349.1429186,555.52,12,1.296082949,235.561594,1,11,0,day,8,3.42218573,103,6,0.5,1,4.27734375,10,0.833333333,2,Benthic
gm12_162a,4,4821.24,6/10/2012 10:02,5121.52,6/10/2012 10:07,213.2571367,300.28,3,0.599440522,74.421108,0,0,3,day,1,3.102391714,11,0,0,1,95.60546875,0,0,2,Pelagic
gm12_162a,5,5428.8,6/10/2012 10:12,5983.24,6/10/2012 10:21,337.57763,554.44,17,1.839694106,351.0265471,0,16,1,day,8,3.535904095,108,11,0.647058824,1,1.03515625,16,0.941176471,3,Benthic
gm12_162a,6,6320.2,6/10/2012 10:27,6825.48,6/10/2012 10:36,385.2624764,505.28,26,3.087397087,243.873604,2,22,2,day,9,3.651603198,176,19,0.730769231,1,2.20703125,9,0.346153846,3,Benthic
gm12_163a,3,2971.4,6/11/2012 9:07,3558.28,6/11/2012 9:17,402.1326577,586.88,18,1.840239913,232.1833733,1,16,1,day,0,NaN,NaN,NaN,NaN,1,2.16796875,11,0.611111111,3,Benthic
gm12_163b,1,13378.4,6/11/2012 14:08,13825.6,6/11/2012 14:15,229.3243343,447.2,3,0.402504472,32.87877096,0,0,3,day,0,NaN,NaN,NaN,NaN,0,NaN,NaN,NaN,2,Pelagic
gm12_172a,2,2902.6,6/20/2012 10:14,3607.72,6/20/2012 10:26,282.2785227,705.12,21,1.786929884,348.4290253,0,21,0,day,0,NaN,NaN,NaN,NaN,1,4.74609375,2,0.095238095,3,Benthic
gm12_172a,3,4253.24,6/20/2012 10:36,4816.6,6/20/2012 10:46,300.4120638,563.36,7,0.745526839,309.6097316,2,4,1,day,0,NaN,NaN,NaN,NaN,1,4.23828125,3,0.428571429,2,Benthic
gm12_172a,4,5102.76,6/20/2012 10:51,5686.64,6/20/2012 11:00,280.1177335,583.88,9,0.924847571,293.0323098,1,5,3,day,0,NaN,NaN,NaN,NaN,1,12.16796875,4,0.444444444,2,Benthic
gm12_172a,5,6494.04,6/20/2012 11:14,7061.12,6/20/2012 11:23,287.3346849,567.08,5,0.529025887,185.384412,0,5,0,day,0,NaN,NaN,NaN,NaN,1,0.99609375,4,0.8,2,Benthic
gm12_172a,6,7321.6,6/20/2012 11:28,7840.64,6/20/2012 11:36,289.2211586,519.04,3,0.346794081,118.2104106,0,2,1,day,0,NaN,NaN,NaN,NaN,1,3.18359375,1,0.333333333,2,Benthic
gm12_172a,7,8192.92,6/20/2012 11:42,8713.84,6/20/2012 11:51,286.7950678,520.92,7,0.806265837,266.4986552,0,5,2,day,0,NaN,NaN,NaN,NaN,1,18.10546875,2,0.285714286,2,Benthic
gm14_145a,1,324.72,5/25/2014 10:36,917.96,5/25/2014 10:46,398.191545,593.24,5,0.505697525,251.2915306,0,4,1,day,4,4.525225025,75,3,0.6,1,33.18359375,0,0,2,Benthic
gm14_145a,2,1520.28,5/25/2014 10:56,2051.08,5/25/2014 11:05,412.9645263,530.8,3,0.339110776,130.5317771,0,2,1,day,7,3.994429873,83,2,0.666666667,0,NaN,NaN,NaN,2,Pelagic
gm14_167a,1,1794.68,6/16/2014 10:19,2658.48,6/16/2014 10:33,585.7859591,863.8,7,0.486223663,330.5831896,0,5,2,day,2,4.67518341,48,1,0.142857143,0,NaN,NaN,NaN,2,Pelagic
gm14_167a,2,4066.2,6/16/2014 10:57,4958.12,6/16/2014 11:12,556.4968874,891.92,10,0.672706072,351.9192308,0,8,2,day,0,NaN,NaN,NaN,NaN,0,NaN,NaN,NaN,2,Pelagic
gm14_178a,1,1024.12,6/27/2014 12:26,1664.08,6/27/2014 12:37,329.9202494,639.96,5,0.468779299,252.6842771,1,4,0,day,1,3.057820335,14,2,0.4,1,16.38671875,0,0,2,Benthic
gm14_178a,5,6447.4,6/27/2014 13:56,7196.8,6/27/2014 14:09,389.8352521,749.4,8,0.64051241,288.5861898,1,6,1,day,4,4.121454956,48,2,0.25,1,1.85546875,7,0.875,2,Benthic
gm14_178a,6,7499.48,6/27/2014 14:14,8469.04,6/27/2014 14:30,385.504046,969.56,18,1.113907339,432.5404746,0,15,3,day,0,NaN,NaN,NaN,NaN,1,2.75390625,14,0.777777778,3,Benthic
gm14_178a,7,8731.36,6/27/2014 14:34,9643.2,6/27/2014 14:50,387.458895,911.84,13,0.85541323,460.926526,1,12,0,day,0,NaN,NaN,NaN,NaN,1,2.32421875,10,0.769230769,3,Benthic
gm14_178a,8,9931.64,6/27/2014 14:54,10795.84,6/27/2014 15:09,407.3655804,864.2,18,1.249710715,368.1197603,0,15,3,day,0,NaN,NaN,NaN,NaN,1,2.16796875,11,0.611111111,3,Benthic
gm14_178b,1,114.52,6/27/2014 12:24,830.64,6/27/2014 12:36,352.0162552,716.12,2,0.167569681,222.8135757,0,1,1,day,1,3.336539762,17,0,0,1,1.93359375,1,0.5,2,Benthic
gm14_178b,2,5514.52,6/27/2014 13:54,6464.88,6/27/2014 14:10,389.7776016,950.36,19,1.199545435,439.5497638,0,19,0,day,6,3.55053025,77,7,0.368421053,1,2.28515625,9,0.473684211,3,Benthic
gm14_178b,3,6743.2,6/27/2014 14:15,7673.16,6/27/2014 14:30,385.704174,929.96,33,2.129123833,433.6350817,0,33,0,day,9,4.00494159,124,16,0.484848485,1,2.36328125,21,0.636363636,3,Benthic
gm14_178b,4,8023.2,6/27/2014 14:36,8943.64,6/27/2014 14:51,385.3288808,920.44,27,1.760027813,497.6887932,0,26,1,day,3,3.241333477,29,2,0.074074074,1,1.73828125,23,0.851851852,3,Benthic
gm14_178b,5,9236.2,6/27/2014 14:56,10076.4,6/27/2014 15:10,378.7026845,840.2,14,0.999761961,352.4939098,0,14,0,day,6,3.368190048,66,6,0.428571429,1,2.87109375,13,0.928571429,3,Benthic
gm14_279a,5,4139.2,10/06/2014 13:50,5072.84,10/06/2014 14:06,588.9840446,933.64,19,1.221027377,521.7812948,1,17,1,day,0,NaN,NaN,NaN,NaN,0,NaN,NaN,NaN,3,Pelagic
gm14_279a,6,5394.76,10/06/2014 14:11,6326.36,10/06/2014 14:27,584.7824779,931.6,13,0.837269214,432.3274797,1,12,0,day,0,NaN,NaN,NaN,NaN,0,NaN,NaN,NaN,3,Pelagic
gm14_279a,7,6661.36,10/06/2014 14:32,7776.6,10/06/2014 14:51,596.7162589,1115.24,27,1.45260213,728.4372857,2,21,4,day,0,NaN,NaN,NaN,NaN,0,NaN,NaN,NaN,3,Pelagic
gm14_279a,8,8064.24,10/06/2014 14:56,9235.2,10/06/2014 15:15,590.2606001,1170.96,25,1.281000205,786.8352267,1,21,3,day,0,NaN,NaN,NaN,NaN,0,NaN,NaN,NaN,3,Pelagic
gm14_279a,9,9600.08,10/06/2014 15:21,10717,10/06/2014 15:40,578.1278248,1116.92,35,1.880170469,754.6125428,3,28,4,day,0,NaN,NaN,NaN,NaN,0,NaN,NaN,NaN,3,Pelagic
gm15_145b,1,274,5/25/2015 11:09,778,5/25/2015 11:17,213.495585,504,3,0.357142857,145.3466066,0,0,3,day,0,NaN,NaN,NaN,NaN,0,NaN,NaN,NaN,2,Pelagic
gm15_145b,2,2057.64,5/25/2015 11:39,2681,5/25/2015 11:49,302.8933996,623.36,10,0.962525667,342.9792246,0,9,1,day,0,NaN,NaN,NaN,NaN,1,1.828125,8,0.8,2,Benthic
gm15_145b,3,3219.32,5/25/2015 11:58,4018.92,5/25/2015 12:11,310.6231117,799.6,34,2.551275638,546.2594347,2,31,1,day,0,NaN,NaN,NaN,NaN,1,1.671875,32,0.941176471,3,Benthic
gm15_145b,4,4232.64,5/25/2015 12:15,4839.76,5/25/2015 12:25,303.8805929,607.12,21,2.075372249,336.0065429,0,20,1,day,0,NaN,NaN,NaN,NaN,1,2.796875,19,0.904761905,3,Benthic
gm15_145b,5,12140.16,5/25/2015 14:27,12811.84,5/25/2015 14:38,319.7069233,671.68,11,0.982610767,405.7854681,2,8,1,day,0,NaN,NaN,NaN,NaN,1,2.546875,6,0.545454545,2,Benthic
gm15_145b,6,13097.52,5/25/2015 14:43,13604.88,5/25/2015 14:51,344.0577516,507.36,5,0.591296121,323.0174567,1,2,2,day,0,NaN,NaN,NaN,NaN,1,3.796875,2,0.4,2,Benthic
gm15_145b,7,13883.44,5/25/2015 14:56,14561.28,5/25/2015 15:07,328.9110806,677.84,31,2.744010386,440.9001049,4,26,1,day,0,NaN,NaN,NaN,NaN,1,0.734375,26,0.838709677,3,Benthic
gm15_145b,8,14820.32,5/25/2015 15:11,15474.88,5/25/2015 15:22,315.7215622,654.56,28,2.566609631,396.1343153,4,20,4,day,0,NaN,NaN,NaN,NaN,0,NaN,NaN,NaN,3,Pelagic
gm15_145b,9,15835.88,5/25/2015 15:28,16371.48,5/25/2015 15:37,206.4365292,535.6,2,0.224047797,6.352654308,2,0,0,day,0,NaN,NaN,NaN,NaN,0,NaN,NaN,NaN,2,Pelagic
gm15_145b,10,17024.76,5/25/2015 15:48,17610.88,5/25/2015 15:58,308.4448904,586.12,9,0.921313042,299.6819643,2,4,3,day,0,NaN,NaN,NaN,NaN,0,NaN,NaN,NaN,2,Pelagic
gm15_153a,1,16.32,6/02/2015 11:47,1113.96,6/02/2015 12:05,806.9028069,1097.64,17,0.929266426,434.5027487,3,11,3,day,4,4.378004924,84,2,0.117647059,1,2.703125,4,0.235294118,3,Benthic
gm15_153a,2,1429.68,6/02/2015 12:11,2543.76,6/02/2015 12:29,909.7502159,1114.08,25,1.346402413,608.1268612,6,16,3,day,1,3.946332529,38,0,0,1,25.859375,2,0.08,3,Benthic
gm15_153a,3,2888.8,6/02/2015 12:35,4195.04,6/02/2015 12:57,960.854182,1306.24,26,1.194267516,623.5867854,2,19,5,day,1,3.039327794,8,0,0,1,21.296875,2,0.076923077,3,Benthic
gm15_153a,4,4588.12,6/02/2015 13:03,5885.76,6/02/2015 13:25,929.3301269,1297.64,37,1.710798064,653.7367802,6,23,8,day,0,NaN,NaN,NaN,NaN,1,16.390625,10,0.27027027,3,Benthic
gm15_153a,5,6340.64,6/02/2015 13:33,7624.8,6/02/2015 13:54,958.9399299,1284.16,32,1.495140792,593.9309601,5,20,7,day,0,NaN,NaN,NaN,NaN,1,59.796875,0,0,3,Pelagic
gm15_153a,6,8019.12,6/02/2015 14:01,9287.24,6/02/2015 14:22,936.87124,1268.12,24,1.135539223,651.7059124,3,18,3,day,0,NaN,NaN,NaN,NaN,1,34.828125,0,0,3,Benthic
gm15_153a,7,9790.32,6/02/2015 14:30,10893.84,6/02/2015 14:48,823.7211279,1103.52,20,1.087429317,511.5152817,7,11,2,day,1,3.520531711,32,1,0.05,1,17.921875,4,0.2,3,Benthic
gm15_153a,8,11392,6/02/2015 14:57,12493.64,6/02/2015 15:15,652.3832659,1101.64,14,0.762499546,504.5816375,2,6,6,day,7,4.603440479,110,7,0.5,1,7.546875,9,0.642857143,3,Benthic
gm16_133a,1,8862.48,5/12/2016 14:43,9573.76,5/12/2016 14:55,638.5317275,711.28,4,0.337419863,203.6101927,2,1,1,day,1,3.662975554,32,1,0.25,0,NaN,NaN,NaN,2,Pelagic
gm16_133a,2,9871.72,5/12/2016 15:00,10633.76,5/12/2016 15:12,645.1358725,762.04,2,0.157472049,121.5670913,1,1,0,day,2,5.910843104,55,2,1,0,NaN,NaN,NaN,2,Pelagic
gm16_133a,3,11028.24,5/12/2016 15:19,11915.92,5/12/2016 15:34,725.3412001,887.68,9,0.608327325,286.8629158,5,4,0,day,5,4.453742061,102,5,0.555555556,0,NaN,NaN,NaN,2,Pelagic
gm16_133a,4,12250.28,5/12/2016 15:39,13119.08,5/12/2016 15:54,591.4625513,868.8,5,0.345303867,338.2112504,1,2,2,day,3,5.321090621,68,2,0.4,1,52.83203125,0,0,2,Pelagic
gm16_133a,5,13676.76,5/12/2016 16:03,14566.84,5/12/2016 16:18,589.0719328,890.08,7,0.471867697,413.2249755,2,4,1,day,8,3.865752868,124,5,0.714285714,0,NaN,NaN,NaN,2,Pelagic
gm16_181a,3,3910.04,6/29/2016 11:28,4682.12,6/29/2016 11:41,637.373623,772.08,3,0.233136463,160.438124,0,2,1,day,1,5.038649766,69,2,0.666666667,0,NaN,NaN,NaN,2,Pelagic
gm16_181a,5,7229.64,6/29/2016 12:24,8362.56,6/29/2016 12:43,826.3261489,1132.92,23,1.218091304,606.0875213,2,20,1,day,0,NaN,NaN,NaN,NaN,1,1.15234375,18,0.782608696,3,Benthic
gm16_181a,6,9088.28,6/29/2016 12:55,10048.32,6/29/2016 13:11,813.2771476,960.04,11,0.687471355,439.7599682,2,7,2,day,0,NaN,NaN,NaN,NaN,1,2.05078125,5,0.454545455,3,Benthic
gm16_181a,7,10629.28,6/29/2016 13:20,11578.44,6/29/2016 13:36,848.5881058,949.16,18,1.137848203,319.8734572,5,13,0,day,0,NaN,NaN,NaN,NaN,1,25.21484375,7,0.388888889,3,Benthic
